ID;City;Place names;Place names;Latitude;Longitude;A;C;E;H;N;R;SP;S   H;B;L
1;Baghdad;Kadhimiya kindergarten;«·—Ê÷… «·ﬂ«Ÿ„Ì…;33.379507;44.339878;;1;;;;1;;;;
2;Baghdad;the aquatic city;«·„œÌ‰… «·„«∆Ì…;33.252217;44.495281;1;;;;;;1;;;
3;Baghdad;Mosque and shrine of Imam Abu Hanifa Noman;Ã«„⁄ Ê„—ﬁœ «·≈„«„ √»Ê Õ‰Ì›… «·‰⁄„«‰;33.371865;44.358385;;1;;;;1;;;;
4;Baghdad;Bartha Mosque;Ã«„⁄ »—«À«;33.351238;44.361236;;1;;;;1;;;;
5;Baghdad;Mosque and shrine of Sheikh Abdul Qadir Kilani;Ã«„⁄ Ê„—ﬁœ «·‘ÌŒ ⁄»œ «·ﬁ«œ— «·ﬂÌ·«‰Ì;33.33788;44.410124;;1;;;;1;;;;
6;Baghdad;Mosque of the Caliphs;Ã«„⁄ «·Œ·›«¡;33.338887;44.397739;;1;;;;1;;;;
7;Baghdad;Al Zawra Park;„ ‰“Â «·“Ê—«¡;33.314855;44.377068;1;1;;;1;;1;;;1
8;Baghdad;Al Mustansiriya School;«·„œ—”… «·„” ‰’—Ì…;33.338494;44.389989;;1;;;;;;;;
9;Baghdad;The Abbasid palace;«·ﬁ’— «·⁄»«”Ì;33.342913;44.38353;;1;;;;;;;;
10;Baghdad;Al Qashla Building;„»‰Ï «·ﬁ‘·…;33.341267;44.386225;;1;;;;;;;;
11;Baghdad;The Baghdadi Museum;«·„ Õ› «·»€œ«œÌ;33.34022;44.389768;;1;;;;;;;;
12;Baghdad;Natural History Museum;„ Õ› «· «—ÌŒ «·ÿ»Ì⁄Ì;33.354717;44.392675;;1;;;1;;;;;
13;Baghdad;The Island of Baghdad;Ã“Ì—… »€œ«œ;33.443686;44.343758;1;;1;;1;;1;;;1
14;Baghdad;amusement park  of Sinbad;„œÌ‰Â «·⁄«» «·”‰œ»«œ;33.278072;44.311123;1;;1;;1;;1;;;1
15;Baghdad;Wall of Baghdad;”Ê— »€œ«œ;33.340998;44.412757;;1;;;;;;;;
16;Baghdad;Aqraqof;⁄ﬁ—ﬁÊ›;33.353535;44.202124;;1;;;;;;;;
17;Baghdad;Al Shaab International Stadium;„·⁄» «·‘⁄» «·œÊ·Ì;33.324922;44.43547;;;;;;;1;;;
18;Baghdad;Iraqi National Theater;«·„”—Õ «·Êÿ‰Ì «·⁄—«ﬁÌ;33.303843;44.432322;;;;;;;;;;1
19;Baghdad;Abu Nawas Park;„ ‰“Â «»Ê ‰ƒ«”;33.312993;44.417574;;;;;1;;1;;;1
20;Baghdad;Cornish of Adhamiya;ﬂÊ—‰Ì‘ «·«⁄Ÿ„Ì…;33.364252;44.369969;;;;;1;;1;;;1
21;Baghdad;Hill of Hermel; · Õ—„·;33.323218;44.482462;;1;;;;;;;;
22;Baghdad;Al-Mada'in;«·„œ«∆‰;33.098498;44.581211;;1;;;;1;;;;
23;Baghdad;Baghdad Mall;„Ê· »€œ«œ;33.311676;44.364601;;;;;;;;1;1;1
24;Baghdad;Al Mansour Mall;„Ê· «·„‰’Ê—;33.316956;44.354618;;;;;;;;1;1;1
25;Baghdad;Nakheel Mall;«·‰ŒÌ· „Ê·;33.344168;44.434711;;;;;;;;1;1;1
26;Baghdad;Zayouna Mall;“ÌÊ‰… „Ê·;33.332125;44.452262;;;;;;;;1;1;1
27;Baghdad;The Monument to the Unknown Soldier;‰’» «·Ã‰œÌ «·„ÃÂÊ·;33.308599;44.389207;;1;;;;;;;;
28;Baghdad;Victory Arch;ﬁÊ” «·‰’—;33.305251;44.386446;;1;;;;;;;;
29;Baghdad;Al-Shaheed Monument;‰’» «·‘ÂÌœ;33.34343;44.446017;;1;;;;;;;;
30;Baghdad;Monument to Liberation Square;‰’» ”«Õ… «· Õ—Ì—;33.327729;44.408292;;1;;;;;;;;
31;Baghdad;The Iraqi Museum;«·„ Õ› «·⁄—«ﬁÌ;33.328574;44.385881;;1;;;;;;;;
32;Baghdad;Baghdad Clock;”«⁄… »€œ«œ;33.301554;44.374928;;1;;;;;;;;
33;Baghdad;Al_Rasheed Street;‘«—⁄ «·—‘Ìœ;33.335714;44.396129;;1;;;;;;1;1;
34;Baghdad;Weddings tourist island;Ã“Ì—… «·«⁄—«” «·”Ì«ÕÌ…;33.283439;44.368207;1;;1;;1;;1;;;1
35;Baghdad;Lake of  Al-Jadriya;»ÕÌ—… «·Ã«œ—Ì…;33.279633;44.385117;;;;;1;;;;;1
36;Baghdad;Al_Mutanabi Street;‘«—⁄ «·„ ‰»Ì;33.340745;44.388752;;1;;;;;;1;1;
37;Mosul;The tomb of the prophet Younis;„ﬁ«„ «·‰»Ì ÌÊ‰”;36.348485;43.159778;;1;;;;1;;;;
38;Mosul;The Shrine of Prophet Shit;„ﬁ«„ «·‰»Ì ‘Ì ;36.334846;43.135473;;1;;;;1;;;;
39;Mosul;Lake of Mosul Dam;»ÕÌ—… ”œ «·„Ê’·;36.749396;42.739266;1;;1;;1;;;;;1
40;Mosul;Tel Qwengq; · ﬁÊÌ‰Ãﬁ;36.358684;43.151958;;1;;;1;1;;;;1
41;Mosul;Hill of AL-ramah; · «·—„«Õ;36.39236;43.124106;;1;;;1;1;;;;1
42;Mosul;Wall of Mosul;”Ê— «·„Ê’·;36.372425;43.133596;;1;;;;;;;;
43;Mosul;Castle of Bashtabia;ﬁ·⁄… »‘ÿ«»Ì«;36.355574;43.121599;;1;;;1;;;;;1
44;Mosul;Church of Saint Thomas;ﬂ‰Ì”… „«—  Ê„«;36.341281;43.125292;;1;;;;1;;;;
45;Mosul;Monastery of Saint Corcis;œÌ— „«— ﬂÊ—ﬂÌ”;36.409719;43.11988;;1;;;;1;;;;
46;Mosul;Mosque of Nouri;Ã«„⁄ «·‰Ê—Ì;36.343164;43.126917;;1;;;;1;;;;
47;Mosul;Great Mosque;«·Ã«„⁄ «·ﬂ»Ì—;36.357639;43.141742;;1;;;;1;;;;
48;Mosul;amawy-mosque;«·Ã«„⁄ «·√„ÊÌ;36.346543;43.132383;;1;;;;1;;;;
49;Mosul;Mosque of Egwat;Ã«„⁄ «·√€Ê« ;36.344893;43.136744;;1;;;;1;;;;
50;Mosul;Mosque of the Prophet  Georgsmoschee;Ã«„⁄ «·‰»Ì Ã—ÃÌ”;36.344592;43.130459;;1;;;;1;;;;
51;Mosul;Al Najafi Street;‘«—⁄ «·‰Ã›Ì;36.342602;43.133153;;1;;;;;;1;1;
52;Mosul;Hamam al-Alil;Õ„«„ «·⁄·Ì·;36.158167;43.25326;;1;1;1;;;;;;1
53;Mosul;Mosul Museum;„ Õ› «·„Ê’·;36.337863;43.139408;;1;;;;;;;;
54;Mosul;University of Mosul Stadium;„·⁄» Ã«„⁄… «·„Ê’·;36.379555;43.139717;;;;;;;1;;;
55;Mosul;New Gate Park;„ ‰“Â »«» «·ÃœÌœ;36.333754;43.127341;;;;;1;;1;;;1
56;Mosul;The forests of Mosul;€«»«  «·„Ê’·;36.378563;43.12003;1;;1;;1;;1;;;1
57;Dohuk;Al-Amadiyah Castle;ﬁ·⁄… «·⁄„«œÌ…;37.09085417;43.48397982;;1;1;;1;;;;;1
58;Dohuk;The Abbasid Bridge;«·Ã”— «·⁄»«”Ì;37.090582;43.483951;;1;;;1;;;;;1
59;Dohuk;Great Duhok Mosque.;Ã«„⁄ œÂÊﬂ «·ﬂ»Ì—.;36.85778;42.999204;;1;;;;1;;;;
60;Dohuk;The Great Mosque in Aqra;«·Ã«„⁄ «·ﬂ»Ì—†›Ì ⁄ﬁ—…;36.861742;42.997208;;1;;;;1;;;;
61;Dohuk;Resort of Zawita;„’Ì› “«ÊÌ Â;36.90466;43.135918;1;1;1;;1;;;;;1
62;Dohuk;Shranche waterfall;‘·«· ‘—«‰‘;37.232618;42.846165;1;;1;;1;;;;;1
63;Dohuk;Resort  of Sarsink;”—”‰ﬂ;37.04633;43.338697;1;;1;;1;;;;;1
64;Dohuk;Resort of Ashawa;«‘«Ê…;37.022839;43.29227;1;;1;;1;;;;;1
65;Dohuk;Resort of Solav;”Ê·«›;36.861459;42.996873;1;;1;;1;;;;;1
66;Dohuk;Prazani Park;„ ‰“Â »—«“«‰Ì;36.84568;43.004286;;;;;1;;1;;;1
67;Dohuk;Park Azadi;»«—ﬂ «“«œÌ;36.845834;42.99124;;;1;;1;;1;;;1
68;Dohuk;Phin Resort;„’Ì› ›Ì‰;36.860233;42.952941;1;;1;;1;;;;;1
69;Dohuk;Duhok Mall;œÂÊﬂ „Ê·;36.866609;42.957144;;;;;;;;1;1;1
70;Dohuk;Dohuk Governorate;”œ… œÂÊﬂ;36.875833;43.003611;1;;1;;1;;;;;1
71;Dohuk;Resort  of Kelly Sheeran;ﬂ·Ì ‘Ì—«‰Â;36.867905;42.948857;1;;1;;1;;;;;
72;Dohuk;Family Mall;›«„·Ì „Ê·;36.852067;42.88363;;;;;;;;1;1;1
73;Arbil;Gali Ali Beg Waterfall;‘·«· ﬂ·Ì ⁄·Ì »ﬂ;36.631242;44.446435;1;;1;;1;;;;;1
74;Arbil;Waterfall Bekhal;‘·«·«  »ÌŒ«·;36.617353;44.497719;1;;1;;1;;;;;1
75;Arbil;Shaklawa Resort;„’Ì› ‘ﬁ·«Ê…;36.409844;44.320179;1;;1;;1;;;1;;1
76;Arbil;Chandelar Cave;ﬂÂ› ‘«‰Ìœ«—;36.831651;44.221044;1;1;1;;1;;;;;1
77;Arbil;Resort Haj Omran;„’Ì› Õ«Ã ⁄„—«‰;36.673205;45.048166;1;;1;;1;;;;;1
78;Arbil;Museum of Syrialc Heritage;„ Õ› «· —«À «·”—?«‰Ì;36.234235;43.988721;;1;;;;;;;;
79;Arbil;Ganarok Resort;„’Ì› Ã‰«—Êﬂ;36.190811;44.022689;1;;1;;1;;;;;1
80;Arbil;Aqua Park;«ﬂÊ« Å«—ﬂ;36.180589;43.999643;;;1;;1;;1;1;1;1
81;Arbil;Shandar Park;„‰ “Â ‘«‰«œ«—;36.181238;44.001102;;;1;;1;;1;1;1;1
82;Arbil;Ronaki Park;„ ‰“Â —Ê‰«ﬂÌ;36.168953;44.019242;;;1;;1;;1;1;1;1
83;Arbil;Sami Abdel Rahman Park;„ ‰“Â ”«„Ì ⁄»œ «·—Õ„‰;36.191356;43.975991;;;1;;1;;1;1;1;1
84;Arbil;Shander Park;„ ‰“Â ‘«‰œ—;36.181188;44.001403;;;1;;1;;1;1;1;1
85;Arbil;Lighthouse Park;„ ‰“Â „‰«—…;36.18576;44.000408;;;1;;1;;1;1;1;1
86;Arbil;amusement park  of Ainkawa;„œÌ‰… «·⁄«» ⁄Ì‰ﬂ«Ê«;36.235613;43.989129;1;;;;1;;;;;1
87;Arbil;amusement park  of Family Fan;„œÌ‰… «·⁄«» ›«„·Ì ›«‰;36.21381;44.046828;1;;;;1;;;;;1
88;Arbil;Ainkawa Park;ÕœÌﬁ… ⁄Ì‰ﬂ«Ê«;36.229491;43.989503;;;1;;1;;1;;;1
89;Arbil;Plain pf Harer;”Â· Õ—Ì—;36.173746;44.010507;;1;;;1;;;;;1
90;Arbil;Historic Arbil Castle;ﬁ·⁄… «—»Ì· «· «—ÌŒÌ…;36.191179;44.009128;;1;;;1;;;;;1
91;Arbil;Castle of nobles;ﬁ·⁄… «·‰»·«¡;36.173929;44.013956;;1;;;1;;;;;1
92;Arbil;The Jolly Minaret;„∆–‰… ÃÊ·Ì («·„Ÿ›—Ì…;36.18806;44.003034;;1;;;;1;;;;
93;Arbil;Rawanduz;—«Ê‰œÊ“;36.608538;44.523869;1;1;1;;1;;;1;1;1
94;Arbil;Tourist Bank Resort;„‰ Ã⁄ »«‰ﬂ «·”Ì«ÕÌ;36.616837;44.505014;1;1;1;;1;;;1;1;1
95;Arbil;Magdy Mall;„«ÃœÌ „Ê·;36.209606;44.044718;;;;;;;;1;1;1
96;Arbil;Holler Mall;ÂÊ·Ì— „Ê·;36.19674;44.017722;;;;;;;;1;1;1
97;Arbil;Rhine Mall;—«Ì‰ „Ê·;36.180237;44.014354;;;;;;;;1;1;1
98;Arbil;city ??center;” Ì ”‰ —;36.180418;44.024444;;;;;;;;1;1;1
99;Arbil;Tablo Mall; «»·Ê „Ê·;36.171388;44.013631;;;;;;;;1;1;1
100;Sulaymaniyah;Mount Azmar;Ã»· «“„—;35.58287;45.465295;1;1;1;;1;;;;;1
101;Sulaymaniyah;Mount Koige;Ã»· ﬂÊÌÃÂ;35.545;45.517778;1;1;1;;1;;;;;
102;Sulaymaniyah;the aquatic city;«·„œÌ‰… «·„«∆Ì…;35.58196;45.467988;1;;;;;1;;;;
103;Sulaymaniyah;Sargonar;”—Ã‰«—;35.558541;45.436009;;;1;;1;;1;;;1
104;Sulaymaniyah;Ahmed Awa Falls;‘·«·«  «Õ„œ ¬ÊÏ;35.816667;45.916667;1;;1;;1;;;;;1
105;Sulaymaniyah;Lake of Dokan;»ÕÌ—… œÊﬂ«‰;36.139263;44.923875;1;;1;;1;;;;;1
106;Sulaymaniyah;Lake Darbandakhan;»ÕÌ—… œ—»‰œŒ«‰;35.161;45.794763;1;;1;;1;;;;;1
107;Sulaymaniyah;Kunah Masi;ﬂÊ‰Â „«”Ì;35.797858;45.415407;1;;1;;1;;;;;1
108;Sulaymaniyah;Chirouane Castle;ﬁ·⁄… ‘Ì—Ê«‰…;34.606926;45.313401;;1;;;1;;;;;1
109;Sulaymaniyah;Mosque of Sulaymaniyah;Ã«„⁄ «·”·Ì„«‰Ì… «·ﬂ»Ì—;35.558275;45.440397;;1;;;;1;;;;
110;Sulaymaniyah;Museum of Sulaymaniyah;„ Õ› «·”·Ì„«‰Ì…;35.557787;45.425763;;1;;;;;;;;
111;Sulaymaniyah;Family Mall;›«„·Ì „Ê·;35.540724;45.429202;;;;;;;;1;1;1
112;Sulaymaniyah;Magdy Mall;„ÃœÌ „Ê·;35.565737;45.371346;;;;;;;;1;1;1
113;Sulaymaniyah;Jaffee Land;Ã«›Ì ·«‰œ;35.58196;45.46797;1;;1;;1;;1;;;
114;Sulaymaniyah;Mallow Mall;”Êﬁ „Ê·ÊÌ;35.557213;45.443664;;1;;;;;;1;1;
115;Sulaymaniyah;Park Azadi;»«—ﬂ «“«œÌ;35.564594;45.432115;;;;;1;;;1;1;1
116;Babylon;Babil Tourist Resort;„‰ Ã⁄ »«»· «·”Ì«ÕÌ;32.541278;44.414957;;;1;;1;;;;;1
117;Babylon;Traces of Babylon;«À«— »«»·;32.542279;44.420889;;1;;;;;;;;
118;Babylon;Mosque of Nakhilah;„”Ãœ «·‰ŒÌ·… „—ﬁœ «·ﬂ›·;32.226734;44.367139;;1;;;;1;;;;
119;Babylon;Grand Mosque of Hilla;Ã«„⁄ «·Õ·… «·ﬂ»Ì—;32.477336;44.427621;;1;;;;1;;;;
120;Babylon;Grand Mosque of Alexandria;Ã«„⁄ «·«”ﬂ‰œ—Ì… «·ﬂ»Ì—;32.884002;44.350069;;1;;;;1;;;;
121;Babylon;Great Mosque of Musayyib;Ã«„⁄ «·„”Ì» «·ﬂ»Ì—;32.781632;44.284299;;1;;;;1;;;;
122;Babylon;Al Zaqora Park;„ ‰“Â «·“ﬁÊ—…;32.447782;44.418295;1;1;;;;;;;;1
123;Babylon;The Nimrod Tower in Borsiba;»—Ã «·‰„—Êœ ›Ì »Ê—”Ì»«;32.391758;44.341271;;1;;;;;;;;
124;Babylon;The Shrine of the Prophet Ibrahim;„ﬁ«„ «·‰»Ì†≈»—«ÂÌ„ «·Œ·Ì·;32.393443;44.345584;;1;;;;1;;;;
125;Babylon;The Shrine of the Prophet Ayoub;„ﬁ«„ «·‰»Ì†¬ÌÊ»;32.348557;44.399265;;1;;;;1;;;;
126;Babylon;The Ishtar Gate;»Ê«»… ⁄‘ «—;32.541455;44.423673;;1;;;;;;;;
127;Babylon;Hanging Gardens;«·Õœ«∆ﬁ «·„⁄·ﬁ…;32.476714;44.431898;;1;1;;1;;;;;
128;Babylon;The Nebuchadnezzar Museum;„ Õ› ‰»ÊŒ– ‰’—;32.543232;44.422917;;1;;;;;;;;
129;Babylon;The Babylonian Theater;«·„”—Õ «·»«»·Ì;32.542599;44.429848;;1;;;;;;;;1
130;Babylon;The Shrine of Sharifa Bint Al Hassan;„—ﬁœ «·‘—Ì›… »‰  «·Õ”‰;32.466228;44.343839;;1;;;;1;;;;
131;Basra;Sindbad Island;Ã“Ì—… «·”‰œ»«œ;30.574701;47.778247;1;;1;;1;;;;;1
132;Basra;The tourist baho;«·»ÂÊ «·”Ì«ÕÌ;30.536297;47.79648;;;;;1;;;1;1;1
133;Basra;Qurna;«·ﬁ—‰…;31.01745;47.424532;;;1;;1;;;;;1
134;Basra;Basra Land;»’—… ·«‰œ;30.55206;47.797676;1;;;;1;;1;;;1
135;Basra;Basra Sports City;„œÌ‰… «·»’—… «·—Ì«÷Ì…†;30.437877;47.782529;;;;;;;1;;;1
136;Basra;corneche Street;‘«—⁄ «·ﬂÊ—‰Ì‘;30.5157;47.846054;;;;;1;;;;;1
137;Basra;Threshold forests;€«»«  «·√À·;30.508103;47.783489;1;1;1;;1;;;;;1
138;Basra;Burjisiyah;«·»—Ã”Ì…;30.365509;47.608621;1;1;;;;;1;1;;
139;Basra;Al Khoura Gardens;Õœ«∆ﬁ «·ŒÊ—…;30.590254;47.670128;;1;1;;1;;;;;1
140;Basra;Presidential Palace;„Ã„⁄ «·ﬁ’Ê— «·—∆«”Ì…;30.495278;47.861252;;1;;;;;;;;1
141;Basra;Indian Market;”Êﬁ «·Â‰Êœ («·„€«Ì“);30.520674;47.835705;;1;;;;;;1;1;
142;Basra;Market of Al-ashaar;”Êﬁ «·⁄‘«—;30.522178;47.835766;;1;;;;;;1;1;
143;Basra;Basra Times Square;»’—…  «Ì„“ ”ﬂÊÌ—;30.541171;47.805496;;;;;;;;1;1;
144;Basra;Ashar Center;⁄‘«— ”‰ —;30.518816;47.835889;;;;;;;;1;1;
145;Basra;Basra Mall;»’—… „Ê·;30.517568;47.83356;;;;;;;;1;1;1
146;Basra;Basra Cultural Museum;„ Õ› «·»’—… «·Õ÷«—Ì;30.497415;47.861102;;1;;;;;;;;
147;Basra;amusement park  of Galfar;„œÌ‰… «·⁄«» Ã·›«—;30.451263;47.774167;1;;;;1;;1;;;1
148;Basra;amusement park  of  Coast;„œÌ‰… «·⁄«» «·”«Õ·;30.461744;48.002315;;;;;;;1;;;
149;Najaf;The Shrine of Imam Ali bin Abi Talib;„—ﬁœ «·≈„«„ ⁄·Ì »‰ √»Ì ÿ«·»;30.1032926;44.2857844;;1;;;;1;;;;
150;Najaf;The Shrine of the Prophet Hood;„—ﬁœ ‰»Ì «··Â†ÂÊœ;30.0216341;44.2016254;;1;;;;1;;;;
151;Najaf;The Shrine of the Prophet Salih;„—ﬁœ «·‰»Ì  ’«·Õ;33.9295777;44.1533032;;1;;;;1;;;;
152;Najaf;The Shrine of the Prophet Adam;„—ﬁœ ‰»Ì «··Â «œ„;30.0545005;44.2342838;;1;;;;1;;;;
153;Najaf;Mosque of Muslim bin Aqeel;„—ﬁœ†„”·„ »‰ ⁄ﬁÌ·;32.785208;44.312848;;1;;;;1;;;;
154;Najaf;Valley of Peace;Ê«œÌ «·”·«„;32.003777;44.311553;;1;;;;;;;;
155;Najaf;Mosque of Kufa;„”Ãœ «·ﬂÊ›…;32.029196;44.400804;;1;;;;1;;;;
156;Najaf;Sea of ??Najaf;»Õ— «·‰Ã›;32.014108;44.238424;;1;1;;;;;;;
157;Najaf;The big market;«·”Êﬁ «·ﬂ»Ì—;32.0352018;44.4067993;;1;;;;;;1;1;
158;Najaf;Khan Al Rahba;Œ«‰ «·—Õ»…;31.731091;44.3139;;1;;;;;;;;
159;Najaf;Najaf Heritage Museum;„ Õ› «· —«À «·‰Ã›Ì;32.027376;44.333116;;1;;;;;;;;
160;Najaf;The typical recreational city;«·„œÌ‰… «· —›ÌÂÌ… «·‰„Ê–ÃÌ…;32.019702;44.336958;1;;1;;1;;1;;;1
161;Najaf;Palace of the Emirate;ﬁ’— «·√„«—…;32.027376;44.333116;;1;;;;;;;;
162;Najaf;amusement park  of  Teachers;„œÌ‰… «·⁄«» «·„⁄·„Ì‰;31.995411;44.338589;1;;;;1;;1;;;1
163;Najaf;amusement park  of Peace;„œÌ‰… «·⁄«» «·”·«„;32.021891;44.343429;1;;;;1;;1;;;1
164;Karbala;Imam Ali bin Abi Talib drop;ﬁÿ«—… «·«„«„ ⁄·Ì »‰ √»Ì ÿ«·»;32.516496;43.797185;;1;;;;1;;;;
165;Karbala;Al - Ukhaydir Fort;Õ’‰ «·√ŒÌ÷—;32.440566;43.602429;;1;;;;;;;;
166;Karbala;The Shrine of Imam Hussein and Abbas;„—ﬁœ «·Õ”Ì‰ Ê«·⁄»«”;30.0421438;31.1994291;;1;;;;1;;;;
167;Karbala;The Palace of Shimon;ﬁ’— ‘„⁄Ê‰;32.463096;43.711478;;1;;;;;;;;
168;Karbala;Lake of  Razzaza;»ÕÌ—… «·—“«“…;32.75;43.633333;1;;1;;1;;;;;1
169;Karbala;White Qantara;«·ﬁ‰ÿ—… «·»Ì÷«¡;32.640712;44.081063;;1;1;;;;;;;1
170;Karbala;Ayn al-Tamr;⁄Ì‰ «· „—;32.5650839;43.4909578;;1;1;1;1;;;;;1
171;Karbala;Bab al-Salalma market;”Êﬁ »«» «·”·«·„…;32.618585;44.034153;;1;;;;;;1;1;
172;Salahaddin;Al-Min?rat Al-Malwiyyah;«·„·ÊÌ…;34.184648;43.856644;;1;;;;1;;;;
173;Salahaddin;The two military imams;†„—ﬁœÌ «·≈„«„Ì‰ «·⁄”ﬂ—ÌÌ‰;34.199025;43.87358;;1;;;;1;;;;
174;Salahaddin;Qasr al-'Ashiq;ﬁ’— «·⁄«‘ﬁ;34.241543;43.808183;;1;;;;;;;;
175;Salahaddin;Mosque of Abu Delf;Ã«„⁄ √»Ì œ·›;34.361148;43.802205;;1;;;;1;;;;
176;Salahaddin;Samarra;”«„—«¡;34.166004;43.905515;;1;;;;;;1;1;
177;Salahaddin;The Abbasid Antiquities;«·«À«— «·⁄»«”Ì…;34.235364;43.881454;;1;;;;;;;;
178;Diyala;Al-Sodor lake;»ÕÌ—… «·’œÊ—;34.060879;44.98119;1;;1;;1;;;;;1
179;Diyala;Dam of Diyala;”œ œÌ«·Ï;34.05847115;44.99374862;1;;1;;1;;;;;1
180;Diyala;Lake of  Hamrin;»ÕÌ—… Õ„—Ì‰;34.238611;44.992222;1;;1;;1;;;;;1
181;Diyala;The tourist city in the Great Dam;«·„œÌ‰… «·”Ì«ÕÌ… ›Ì ”œ «·⁄ŸÌ„;34.630628;44.517962;1;;1;;1;;;;;1
182;Diyala;Qantaraa of Khanaqin;ﬁ‰ÿ—… Œ«‰ﬁÌ‰;34.35351169;45.38444689;;1;;;;;;;;
183;Diyala;Qantara of Bharaz;ﬁ‰ÿ—… »Â—“;33.744149;44.631817;;1;;;;;;;;
184;Diyala;Khan Bani Saad;Œ«‰ »‰Ì ”⁄œ;33.567086;44.542839;;1;;;;;;;;
185;Diyala;Qara Tabah market;”Êﬁ ﬁ—Â  »Â;34.433583;44.936954;;1;;;;;;1;1;
186;Diyala;Shabandar Mosque;Ã«„⁄ «·‘«»‰œ—;33.754995;44.640005;;1;;;;1;;;;
187;Diyala;Mosque of Naqshbandi;Ã«„⁄ «·‰ﬁ‘»‰œÌ;34.188242;45.116041;;1;;;;1;;;;
188;Anbar;Mosque of Sheikh Rajab (Rawa);Ã«„⁄ «·‘ÌŒ —Ã» (—«Ê…);34.46562;41.914595;;1;;;;1;;;;
189;Anbar;Mosque of Farouk;Ã«„⁄ «·›«—Êﬁ (ÕœÌÀ…);34.130381;42.386855;;1;;;;1;;;;
190;Anbar;Lake of Habbaniyah;»ÕÌ—… «·Õ»«‰Ì…;33.291908;43.46448;1;1;1;;1;;1;;;1
191;Anbar;Hdietha dam;”œ ÕœÌÀÂ;34.206944;42.355;1;1;1;;1;;;;;
192;Anbar;Ozdelik Park Shopping Center;„—ﬂ“  ”Êﬁ «Ê“œÌ·Ìﬂ »«—ﬂ;33.413944;43.276048;;;;;;;;1;1;1
193;Anbar;Lake of Al-Tharthar;»ÕÌ—… «·À—À«—;33.984654;43.252151;;1;1;;1;;;;;1
194;Anbar;Khan al-Baghdadi;Œ«‰ «·»€œ«œÌ;33.875549;42.531346;;1;;;1;;;;;1
195;Qadisiyah;The Shrine of the Prophet Ayoub;„—ﬁœ «·‰»Ì √ÌÊ»;32.348557;44.399265;;1;;;;1;;;;
196;Qadisiyah;The Shrine of the Prophet Shuaib;„—ﬁœ «·‰»Ì ‘⁄Ì»;32.073298;44.882572;;1;;;;1;;;;
197;Qadisiyah;Corniche of Diwaniyah;ﬂÊ—‰Ì‘ «·œÌÊ«‰Ì…;31.99587;44.906883;;;;;1;;1;;;1
198;Qadisiyah;Olive Park;„ ‰“Â «·“Ì Ê‰;32.002635;44.920113;;;;;1;;;;;1
199;Kirkuk;Castle of Kirkuk;ﬁ·⁄… ﬂ—ﬂÊﬂ;35.469778;44.395777;;1;;;1;;;;;1
200;Kirkuk;Castle of Gramo;ﬁ·⁄… Ã—„Ê;35.312274;44.512678;;1;;;1;;;;;1
201;Kirkuk;Al Qashla Building;„»‰Ï «·ﬁ‘·…;35.471226;44.388542;;1;;;;;;;;
202;Kirkuk;The Shrine of the Prophet Daniel;„—ﬁœ «·‰»Ì œ«‰Ì«·;35.468651;44.395579;;1;;;;1;;;;
203;Kirkuk;Sargnar Park;”—Ã‰«— »«—ﬂ;35.487651;44.40455;1;;;;1;;;;;1
204;Kirkuk;Mosque of the friend.;„”Ãœ «·’œÌﬁ.;35.492581;44.406905;;1;;;;1;;;;
205;Kirkuk;Mosque of Mohammed al - Ghouth (Mosque judge).;Ã«„⁄ „Õ„œ «·€ÊÀ („”Ãœ «·ﬁ«÷Ì).;35.425687;44.373968;;1;;;;1;;;;
206;Kirkuk;The amusement park of Baba Karkar;»«»« ﬂ—ﬂ—;35.423836;44.369166;1;;1;;1;;;;;1
207;Kirkuk;The amusement park of Kirkuk;„œÌ‰… „·«ÂÌ ﬂ—ﬂÊﬂ;35.410389;44.378564;1;;;;1;;;;;1
208;Dhi Qar;The archaeological city of Ur;„œÌ‰… √Ê— «·√À—Ì…;30.962755;46.103178;;1;;;;;;;;
209;Dhi Qar;Or Chaldean;«Ê— «·ﬂ·œ«‰Ì…;30.961455;46.105714;;1;;;;;;;;
210;Dhi Qar;Museum of Inaglede Nana;„ Õ› ≈‰Ì€«·œÌ ‰«‰«;30.961768;46.105134;;1;;;;;;;;
211;Dhi Qar;Erdo;≈—ÌœÊ;31.079486;46.25462;;1;;;;;;;;
212;Dhi Qar;The Dhi Qar Marshes;√ÂÊ«— –Ì ﬁ«—;30.955043;46.975481;;1;1;;1;;;;;1
213;Dhi Qar;Faleh Pasha Grand Mosque.;Ã«„⁄ ›«·Õ »«‘« «·ﬂ»Ì—.;31.043025;46.253759;;1;;;;1;;;;
214;Dhi Qar;Mosque of Souk al-Shuyuk;Ã«„⁄ ”Êﬁ «·‘ÌÊŒ.;30.887144;46.463078;;1;;;;1;;;;
215;Dhi Qar;Museum of Nasiriyah;„ Õ› «·‰«’—Ì…;31.046957;46.237285;;1;;;;;;;;
216;Dhi Qar;Anchorage Boats Reform;„—”Ï “Ê«—ﬁ «·«’·«Õ;31.165754;46.611428;1;;;;1;;1;;;1
217;Muthanna;Zaytouna Park;„ ‰“Â «·“Ì Ê‰…;31.317228;45.28751;;;;;;;;;;
218;Muthanna;Park Teachers District;„ ‰“Â ÕÌ «·„⁄·„Ì‰;31.313716;45.274062;;;;;1;;1;;;1
219;Muthanna;The Archaeological Temple of Carius;„⁄»œ ﬂ«—ÌÊ” «·√À—Ì;29.913317;45.299386;;1;;;;;;;;
220;Muthanna;Orok Castle;ﬁ·⁄… √Ê—Êﬂ;31.318839;45.280618;;1;;;;;;;;
221;Muthanna;Lake of Sawa;»ÕÌ—… ”«Ê…;31.314255;45.006995;1;1;1;;1;;;;;1
222;Maysan;Maysan Marshlands;«ÂÊ«— „Ì”«‰;30.766667;47.05;;1;1;;1;;;;;1
223;Maysan;Zoo and Park of Omaraa;ÕœÌﬁ… ÕÌÊ«‰«  Ê „ ‰“Â «·⁄„«—…;31.859256;47.143772;;;1;;1;;1;;;1
224;Maysan;Boat Park;„ ‰“Â «·“Ê«—ﬁ;31.846736;47.159655;;;1;;1;;1;;;1
225;Maysan;The entertainment city of Maysan;«·„œÌ‰… «· —›ÌÂÌ… ›Ì „Ì”«‰;31.84191;47.16038;;;1;;1;;1;;;1
226;Maysan;Great Architecture Market;”Êﬁ «·⁄„«—… «·ﬂ»Ì—;31.848654;47.151196;;1;;;;;;1;1;
227;Wasit;Damok Park;„ ‰“Â œ«„Êﬂ;32.532052;45.818825;;;1;;1;;1;;;1
228;Wasit;Historic City of Wasit;„œÌ‰… Ê«”ÿ «· «—ÌŒÌ…;32.602409;45.752098;;1;;;;;;;;
229;Wasit;Corniche El Kout;ﬂÊ—‰Ì‘ «·ﬂÊ ;32.506066;45.812689;;;;;1;;1;;;1
230;Wasit;Grand Mosque of Kut;Ã«„⁄ «·ﬂÊ  «·ﬂ»Ì—;32.493208;45.828086;;1;;;;1;;;;
231;Wasit;Al Rihana Park;„ ‰“Â «·—ÌÕ«‰…;32.503519;45.816722;;;;;1;;1;;;1
232;Wasit;Heritage Market;”Êﬁ «· —«À;32.498669;45.828609;;1;;;;;;1;1;
A: Adventure, C: Culture, E: Environmental, H: Health, N: Nature, R: Religious, SP: SPort, SH: SHopping, B: Business, L: leisure;;;;;;;;;;;;;;;
